DPS IDLE - Guild Pack,1453360,0,16:46:54
DPS IDLE - Starter Pack,1453370,0,16:46:54
DPS IDLE - Hero Pack,1453380,0,16:46:54
TowerMancer,1453400,0,16:46:54
Fantasy Grounds - Pathfinder RPG - Campaign Setting: Magnimar, City of Monuments,1453410,0,16:46:54
Behind the Horizon,1453430,1,16:46:54
Hentai VR 18+,1453440,0,16:46:54
Myth Bearer,1453450,0,16:46:55
Trials of Argolis,1453460,0,16:46:55
Dimensions,1453480,0,16:46:55
Deducto,1453490,443,16:46:55
Green Dragon Beat ’em up Character,1453500,0,16:46:55
Simutrans SDK,1453510,0,16:46:55
Ambient Channels: Phreakers - Black Room,1453580,0,16:46:55
Ambient Channels: Dreamscapes - Fantasy Camp,1453581,0,16:46:56
Ambient Channels: Downtown - Marina Apartments,1453582,0,16:46:56
Ambient Channels: Dreamscapes - Graveyard,1453583,0,16:46:56
Ambient Channels: Desolate Space - Contaminated Vessel,1453584,0,16:46:56
Ambient Channels: Abandoned Town - Farmhouse,1453585,0,16:46:56
Ambient Channels: Lost Metro - Underground Parking,1453590,N/A,16:46:56
Night Reverie: Prologue,1453600,0,16:46:56
Ambient Channels: Desolate Space - Mining Tunnels,1453610,N/A,16:46:57
Trainz 2019 DLC - Canadian Rocky Mountains Baker Crk to West of Calgary,1453630,0,16:46:57
Valthirian Arc: Hero School Story 2,1453640,0,16:46:57
Paper Dolls 2 逃出生天,1453650,0,16:46:57
Mana Gloom,1453660,0,16:46:57
In Search of Fon Vitae,1453670,0,16:46:57
破坏效应-绝命收割,1453690,0,16:46:58
Castle Formers,1453710,0,16:46:58
ATC4: Airport NAHA [ROAH],1453720,0,16:46:58
DUNGEON OF NAZARICK,1453740,0,16:46:58
Disc Space,1452830,3,16:46:58
Tiny Toy Tanks,1452850,0,16:46:58
Orlando the Fireman,1452860,0,16:46:59
Roads of Time 2: Odyssey,1452870,0,16:46:59
The Quiet Void,1452890,N/A,16:46:59
Xeno Shooter,1452900,0,16:46:59
Soul Shifter,1452910,0,16:46:59
Mezmeratu Soundtrack,1452930,0,16:46:59
Seditionis: Tower Defense,1452950,0,16:46:59
Hero Allstars: Void Invasion,1452990,0,16:47:00
ADRPAN,1453000,0,16:47:00
BATTLE ARENA,1453010,0,16:47:00
Hellworld!,1453030,0,16:47:00
The Tower Of TigerQiuQiu Birds Cave,1453060,0,16:47:00
Sinister Halloween - Asylum DLC,1453070,0,16:47:00
DruMidia,1453080,0,16:47:01
中医模拟器试用版,1453100,0,16:47:01
Perilous Warp Soundtrack,1453120,0,16:47:01
Lightsmith,1453130,0,16:47:01
Abyss The Forgotten Past: Prologue,1453140,0,16:47:01
Tricky Typing,1453160,0,16:47:01
Tricky Typing Demo,1453170,0,16:47:01
The Tower Of TigerQiuQiu Ball War,1453180,0,16:47:02
Metu Caligine,1453200,0,16:47:02
MonsterSoft - Halloween Skin Pack,1453210,0,16:47:02
Be a Pirate,1453220,0,16:47:02
HIIS,1453230,0,16:47:02
Hell Invades Heaven,1452320,0,16:47:02
Tsukisas Arena,1452350,0,16:47:03
The Tides of Time,1452360,0,16:47:03
Case Kovacs - Agent 228,1452410,0,16:47:03
ValveTestApp1452440,1452440,0,16:47:03
Fantasy Grounds - Pathfinder RPG - Campaign Setting: Distant Worlds,1452450,0,16:47:03
Fantasy Grounds - Pathfinder RPG - Campaign Setting: Isles of the Shackles,1452460,0,16:47:03
Fantasy Grounds - Pathfinder RPG - Campaign Setting: Giants Revisited,1452470,0,16:47:03
Oxygen Not Included - Spaced Out!,1452490,0,16:47:04
The Good Life,1452500,1,16:47:04
Fantasy Grounds - D&D Classics: Night Below: An Underdark Campaign (2E),1452520,0,16:47:04
Fantasy Grounds - Pathfinder RPG - Campaign Setting: Lost Kingdoms,1452530,0,16:47:04
Frincess&Cnight,1452540,0,16:47:04
Anyway! Premium Soundtrack!,1452560,0,16:47:05
Fallen Angel Soundtrack,1452570,0,16:47:05
Touch Typing Home Row Speed Grinder - Contorted Information Skin + Physical Access Ethical Hacking Windows Xp, Vista, 7, 8, 10 & Linux Tutorial Access,1452580,0,16:47:05
10mg: You are such a Soft and Round Kitten Ost ~ Kittens Meow,1452590,0,16:47:05
Potato's Dream,1452600,0,16:47:05
Scribble It! - Early Adopter Bonus,1452610,0,16:47:05
ColoryVR - Full Version,1452620,0,16:47:05
Toast Defense,1452630,0,16:47:06
War on the Sea Soundtrack,1452640,0,16:47:06
Simp Attack,1452670,0,16:47:06
Stock Helper,1452680,N/A,16:47:06
宥蘿的奇幻冒險 YURO'S FANTASY ADVENTURE,1452700,0,16:47:06
Round 99 Demo,1452710,0,16:47:06
Samurai Slaughter House Demo,1452730,0,16:47:07
The Tower Of TigerQiuQiu Deepwater Bomb,1452740,0,16:47:07
Spark Five Ambience,1452750,0,16:47:07
Super Neat Cat,1452770,0,16:47:07
迷离诡夜 blurred weird night Demo,1452780,0,16:47:07
IZBOT 2,1452790,0,16:47:08
Tuneria Soundtrack,1451910,0,16:47:08
逃离地球,1451920,0,16:47:08
NEEDY GIRL OVERDOSE,1451940,134,16:47:08
Street Outlaws 2: Winner Takes All,1451950,1,16:47:08
SATORI,1451970,0,16:47:08
Taiwan Richman,1451980,0,16:47:08
Soul Delivery,1451990,1,16:47:09
It's Six Random Characters and a Single Floor Dungeon, That's the Whole Game,1452000,0,16:47:09
百合婚姻介紹所,1452020,0,16:47:09
百合婚姻介紹所 Demo,1452030,0,16:47:09
Where Is My Parking Spot Demo,1452040,0,16:47:09
Movavi Video Editor Plus 2020 - Halloween Pack,1452050,0,16:47:09
Lone Ruin,1452070,0,16:47:09
Oniria Crimes Soundtrack,1452090,0,16:47:09
Dominium Mundi,1452110,0,16:47:10
My Jigsaw Adventures - Forgotten Destiny,1452130,0,16:47:10
Sloth Tales Soundtrack,1452140,0,16:47:10
Monster Camp Outfit Pack - Fantasy,1452150,0,16:47:10
Realpolitiks II Soundtrack,1452170,0,16:47:10
Waifu Discovered 2,1452200,0,16:47:10
INPUT6,1452210,0,16:47:11
Freddy Spaghetti 2.0,1452220,0,16:47:11
Underground Garage,1452250,N/A,16:47:11
8 Bit Space,1452260,0,16:47:11
魔物警戒,1452270,0,16:47:11
Devastator,1452280,0,16:47:11
Snakenpon,1452300,0,16:47:11
Blade Flash Death,1451540,0,16:47:12
BasCatball Mars,1451560,0,16:47:12
Cosmic Magus,1451570,0,16:47:12
Hypercide,1451580,0,16:47:12
Vrerience - Fear of Open Spaces,1451620,0,16:47:13
Demon Turf: Trials,1451650,0,16:47:13
Game Master Engine,1451680,5,16:47:13
Fantasy Grounds - Pathfinder RPG - Campaign Setting: Lands of the Linnorm Kings,1451700,0,16:47:13
Fantasy Grounds - Pathfinder RPG - Campaign Setting: Book of the Damned - Volume 3: Horsemen of the Apocalypse,1451710,0,16:47:13
Minesweeper Classy,1451720,6,16:47:13
Fantasy Grounds - Pathfinder RPG - Campaign Setting: Dragon Empires Gazetteer,1451730,0,16:47:13
Children of Silentown: Prologue,1451740,0,16:47:14
Fantasy Grounds - Pathfinder RPG - Campaign Setting: Mythical Monsters Revisited,1451750,0,16:47:14
TITANKIN: Prologue,1451760,0,16:47:14
Outranked,1451770,N/A,16:47:14
Panzer Paladin Classic 8-bit Soundtrack,1451790,0,16:47:14
Super vs. World,1451800,0,16:47:14
OBSCURY : THE LAST,1451830,0,16:47:15
Heart of Metal,1451840,0,16:47:15
Evil Manor Soundtrack,1451850,0,16:47:15
Cyber Badminton 2020,1451860,0,16:47:15
Sunset Drive 1986,1451870,2,16:47:15
Color Breakers,1451880,0,16:47:15
Sherman Commander,1451050,N/A,16:47:15
RPG Maker MV - Marsha Erin Character Pack,1451070,0,16:47:16
Tactics Ogre: Reborn,1451090,224,16:47:16
Lawyer Guy: Defender of Justice,1451110,0,16:47:16
Sunlight,1451120,0,16:47:16
破解版割草塔防Cracked Cruel TD,1451130,0,16:47:16
Terminator: Resistance - Zero Day Exploit Comic,1451140,0,16:47:17
Gestaltor,1451150,3,16:47:17
Bakumatsu Renka SHINSENGUMI,1451160,0,16:47:17
The Tower Of TigerQiuQiu Duck War,1451170,0,16:47:17
Yaga Soundtrack,1451180,0,16:47:17
Summon And Fusion,1451200,0,16:47:17
Construction worker simulator,1451210,N/A,16:47:17
Heistfest,1451220,N/A,16:47:18
Blood of Titans,1451230,10,16:47:18
Barbarian Simulator,1451240,N/A,16:47:18
Lady Firestorm powered by Emergency - Soundtrack,1451260,0,16:47:18
Crowded Blue Dot Demo,1451270,0,16:47:18
渊噬 Demo,1451280,0,16:47:18
GridMath,1451300,0,16:47:19
Video World Soundtrack,1451330,0,16:47:19
ANIMALITY - Bear Halloween Costume,1451340,0,16:47:19
despatch: Entity Astray,1451360,0,16:47:19
Suits: Absolute Jazz,1451390,0,16:47:19
Super Jigsaw Puzzle: Generations - Autumn 2020,1451400,0,16:47:19
Watch Your Ride,1451410,1,16:47:19
Construction Playground,1451420,0,16:47:20
SURVIVAL SISTERS：2048＋1,1451430,0,16:47:20
Void Encounter,1451440,0,16:47:20
El Dorado: The Golden City Builder,1451470,N/A,16:47:20
Guns And Waifus,1451490,0,16:47:20
The Curse of Fafnir,1451500,N/A,16:47:21
Girls on puzzle - Wallpapers,1451520,0,16:47:21
Girls on puzzle - Wallpapers +18,1451521,0,16:47:21
Alien Duel Elements,1450620,0,16:47:21
DemonCrawl Halloween Soundtrack,1450630,0,16:47:21
Plague Doctor- Contagion: 430 BCE-2020 AD,1450640,0,16:47:21
Osteoblasts,1450650,0,16:47:22
Brick Breaker Premium 2,1450660,0,16:47:22
Marvel Puzzle Quest: Spidey Starter Pack,1450690,0,16:47:22
Aim Lab Signature Series - fl0m,1450700,0,16:47:22
DPS IDLE - VIP Pack,1450710,0,16:47:22
Street Massacre,1450720,0,16:47:22
Kuro Neko,1450730,0,16:47:23
Monsters & Mortals - Monstrum,1450740,0,16:47:23
Deva｜Second-Person Horror,1450750,0,16:47:23
Girls on puzzle,1450760,0,16:47:23
The Gurion Mountains Soundtrack,1450770,0,16:47:23
Gael's Quest,1450780,0,16:47:24
Crazy Wheels,1450790,0,16:47:24
Lilith Odyssey,1450800,0,16:47:24
What's the Matter? Demo,1450810,0,16:47:24
Touch Typing Home Row Speed Grinder - Eyes Only Skin,1450820,0,16:47:24
At Dead Of Night,1450830,25,16:47:24
001 Game Creator - Sound Effects Pack Volume 1,1450840,0,16:47:25
Typing Fingers,1450860,0,16:47:25
Wound of the West,1450880,0,16:47:25
Endurium Demo,1450930,0,16:47:25
RPG Maker MZ - Haunted School Tiles,1450940,0,16:47:25
RPG Maker MZ - Zombie walk graphic material 01,1450950,0,16:47:25
RPG Maker MZ - Marsha Erin Character Pack,1450960,0,16:47:25
RPG Maker MZ - Cosmic Frontier Backgrounds,1450970,0,16:47:25
RPG Maker MZ - The Music Box: Japanese Horror,1450980,0,16:47:26
RPG Maker MZ - Horror SE Perfect Collection,1450990,0,16:47:26
Pop Bowling VR,1451010,0,16:47:26
Movavi Slideshow Maker 8 - Education Set,1451020,0,16:47:26
Movavi Slideshow Maker 8 - Pixel Age Pack,1451021,0,16:47:26
Movavi Slideshow Maker 8 - Christmas Party Set,1451022,0,16:47:26
Movavi Slideshow Maker 8 - Cinematic Set,1451023,0,16:47:27
Movavi Slideshow Maker 8 - Travel Set,1451024,0,16:47:27
Star Hunter DX,1451030,0,16:47:27
Bliss,1451040,N/A,16:47:27
Space Squadron,1450200,0,16:47:27
The Game of Squids: Ultimate Parody Game,1450210,0,16:47:27
Pinball FX3 - Williams™ Pinball: Volume 6,1450220,0,16:47:28
Summoner Apprentice,1450240,0,16:47:28
Distant Bloom,1450250,N/A,16:47:28
Werewolf: The Apocalypse — Heart of the Forest - Digital Goodies Pack,1450260,0,16:47:28
Kill Fish,1450270,0,16:47:28
Chill Z,1450280,0,16:47:28
Metal Tales: Overkill,1450290,0,16:47:28
Battleships: Command of the Sea,1450300,0,16:47:28
Hidden Shapes Animals - Jigsaw Puzzle Game,1450310,0,16:47:29
Concordia: Digital Edition,1450330,3,16:47:29
Generation Zero® - US Weapons Pack,1450340,0,16:47:29
theHunter: Call of the Wild™ - Free Species: European Rabbit,1450350,0,16:47:29
Konsairi Complete Pack,1450370,0,16:47:29
Scrap Games,1450410,0,16:47:29
3D Hentai Blackjack - Additional Girls 2,1450420,0,16:47:29
3D Hentai Checkers - Additional Girls 2,1450430,0,16:47:30
3D Hentai Chess - Additional Girls 1,1450440,0,16:47:30
3D Hentai Chess - Additional Girls 2,1450450,0,16:47:30
CUSTOM ORDER MAID 3D2 it's a Night Magic + GP01,1450460,0,16:47:30
The Guise Soundtrack,1450470,0,16:47:30
Dark Deception: Monsters & Mortals Demo,1450490,0,16:47:30
Shing! Soundtrack,1450510,0,16:47:30
Allotropy,1450530,0,16:47:31
Shing! Artbook,1450540,0,16:47:31
V.U.R.M.A Demo,1450550,0,16:47:31
Fantasy Grounds - Rise of the Drow: Underworld Encounters,1450560,0,16:47:31
Life is Strange: True Colors - Alex Outfit Pack,1450571,0,16:47:31
VRKraft,1450590,N/A,16:47:31
PixARK Soundtrack,1449740,0,16:47:31
Space Commander: War and Trade,1449750,9,16:47:32
Project Summit,1449760,0,16:47:32
Cyberwar,1449780,N/A,16:47:32
Call of Myth Demo,1449800,0,16:47:32
Police Interceptors,1449820,N/A,16:47:32
Breath of the Forest Demo,1449830,0,16:47:32
Escape Together,1449840,N/A,16:47:32
Henchman Story Demo,1449860,0,16:47:32
UPPERS Soundtrack,1449870,0,16:47:33
Kombat Pack 2,1449880,0,16:47:33
Quicken WillMaker & Trust 2021,1449900,N/A,16:47:33
GRUNND,1449920,0,16:47:34
UPPERS Artbook,1449930,0,16:47:34
Diamond Hunter,1449940,0,16:47:34
Crazy Rabbit AntiLogic,1449960,0,16:47:34
ALIEN ANIMALS: SANDBOX,1449980,N/A,16:47:34
Safe Squares,1450000,0,16:47:34
Santa Monica Paradise Artbook,1450010,0,16:47:34
Ellie's Travel Diary,1450020,0,16:47:35
NAVYFIELD Soundtrack,1450030,0,16:47:35
Nerm the Worm Exclusive Ball Cap,1450040,0,16:47:35
Rescue Team Planet Savers,1450050,2,16:47:35
Down and Out,1450060,0,16:47:35
Dark Blocks,1450070,0,16:47:35
The Legend of Heroes: Sen no Kiseki III,1450080,5,16:47:36
The Legend of Heroes: Sen no Kiseki II KAI -The Erebonian Civil War-,1450090,6,16:47:36
LUNA,1450100,1,16:47:36
LUNA (Free),1450110,0,16:47:36
The Legend of Heroes: Sen no Kiseki I KAI -Thors Military Academy 1204-,1450120,3,16:47:36
Xuan-Yuan Sword VII Art Collection,1450130,0,16:47:36
Element X (Seaside Adventure!),1450140,0,16:47:36
Durka Simulator,1450150,1,16:47:37
Vladiators,1450160,0,16:47:37
打工人的十日女友 My Ten-day Girlfriend,1450170,0,16:47:37
Haunt Chaser,1450180,0,16:47:37
Super Whiplash,1450190,0,16:47:37
保护蛋蛋,1685660,0,16:47:37
Last Light Digital Artbook,1685670,0,16:47:37
Boomerang Fu - Fresh Flavors Pack,1685690,0,16:47:37
Car Mechanic Simulator 2021 - Nissan DLC,1685720,0,16:47:38
Car Mechanic Simulator 2021 - Electric Car DLC,1685721,0,16:47:38
Cynthia: Hidden in the Moonshadow,1685730,1,16:47:38
Surf Club,1685740,N/A,16:47:38
Capcom Fighting Collection,1685750,12,16:47:38
Revival: Recolonization Playtest,1685760,0,16:47:38
Post Industrial Renovator,1685770,N/A,16:47:38
Need for sharp,1685790,0,16:47:39
Lyonesse,1685840,0,16:47:39
The Wolf's Girl,1685850,0,16:47:39
Near-Mage,1685870,N/A,16:47:39
Neko Puzzle,1685880,0,16:47:39
Lawnmowing Simulator - Ancient Britain Pack,1685910,0,16:47:39
Time Voyeur,1685920,0,16:47:39
Monsters of the North,1685930,N/A,16:47:39
Highway Rampage,1685940,3,16:47:40
Seblen: Battle!,1685950,0,16:47:40
Operation Lovecraft: Fallen Doll,1685960,N/A,16:47:40
Black Lotus Motel Playtest,1685970,N/A,16:47:40
战球英雄 Playtest,1685980,0,16:47:40
Rival Fury,1686010,0,16:47:40
Blind Fate: Edo no Yami Demo,1686020,0,16:47:41
Patron - Supporter Pack,1686030,0,16:47:41
Major\Minor - Support Donation,1686040,0,16:47:41
BETRAYER: Curse of the Spine - Prologue,1686050,0,16:47:41
Unshaded,1686060,0,16:47:41
Powerjackers - VR Superhero Battle Royale,1686070,0,16:47:41
The Revenant Protocol,1686090,N/A,16:47:41
Deep Despair 2,1686130,0,16:47:42
VEGA Conflict Playtest,1686140,0,16:47:42
Pipe Dreamin' VR: The Big Easy,1686150,0,16:47:42
SAVE THE UNICORN,1686160,0,16:47:42
Tiger Tank 59 Ⅰ Black Hill Fortress MP072,1685421,0,16:47:42
Tiger Tank 59 Ⅰ Black Hill Fortress MP073,1685422,0,16:47:42
Tiger Tank 59 Ⅰ Black Hill Fortress MP074,1685423,0,16:47:42
Tiger Tank 59 Ⅰ Black Hill Fortress MP075,1685424,0,16:47:42
Tiger Tank 59 Ⅰ Black Hill Fortress MP076,1685425,0,16:47:43
Tiger Tank 59 Ⅰ Black Hill Fortress MP077,1685426,0,16:47:43
Tiger Tank 59 Ⅰ Black Hill Fortress MP078,1685427,0,16:47:43
Tiger Tank 59 Ⅰ Black Hill Fortress MP079,1685428,0,16:47:43
Tiger Tank 59 Ⅰ Black Hill Fortress MP080,1685429,0,16:47:43
Tiger Tank 59 Ⅰ Black Hill Fortress MP081,1685430,0,16:47:43
Tiger Tank 59 Ⅰ Black Hill Fortress MP082,1685431,0,16:47:43
Tiger Tank 59 Ⅰ Black Hill Fortress MP083,1685432,0,16:47:44
Tiger Tank 59 Ⅰ Black Hill Fortress MP084,1685433,0,16:47:44
Tiger Tank 59 Ⅰ Black Hill Fortress MP085,1685434,0,16:47:44
Tiger Tank 59 Ⅰ Black Hill Fortress MP086,1685435,0,16:47:44
Tiger Tank 59 Ⅰ Black Hill Fortress MP087,1685436,0,16:47:45
Tiger Tank 59 Ⅰ Black Hill Fortress MP088,1685437,0,16:47:45
Tiger Tank 59 Ⅰ Black Hill Fortress MP089,1685438,0,16:47:45
Tiger Tank 59 Ⅰ Black Hill Fortress MP090,1685439,0,16:47:45
Tiger Tank 59 Ⅰ Black Hill Fortress MP091,1685440,0,16:47:45
Tiger Tank 59 Ⅰ Black Hill Fortress MP092,1685441,0,16:47:45
Tiger Tank 59 Ⅰ Black Hill Fortress MP093,1685442,0,16:47:46
Tiger Tank 59 Ⅰ Black Hill Fortress MP094,1685443,0,16:47:46
Tiger Tank 59 Ⅰ Black Hill Fortress MP095,1685444,0,16:47:46
Tiger Tank 59 Ⅰ Black Hill Fortress MP096,1685445,0,16:47:46
Tiger Tank 59 Ⅰ Black Hill Fortress MP097,1685446,0,16:47:46
Tiger Tank 59 Ⅰ Black Hill Fortress MP098,1685447,0,16:47:46
Tiger Tank 59 Ⅰ Black Hill Fortress MP099,1685448,0,16:47:46
Tiger Tank 59 Ⅰ Black Hill Fortress MP100,1685449,0,16:47:47
